<?xml version="1.0" encoding="UTF-8"?><rss version="2.0"
	xmlns:content="http://purl.org/rss/1.0/modules/content/"
	xmlns:wfw="http://wellformedweb.org/CommentAPI/"
	xmlns:dc="http://purl.org/dc/elements/1.1/"
	xmlns:atom="http://www.w3.org/2005/Atom"
	xmlns:sy="http://purl.org/rss/1.0/modules/syndication/"
	xmlns:slash="http://purl.org/rss/1.0/modules/slash/"
	>

<channel>
	<title>Viaggi di gruppo &#8211; MIRAMONDO VIAGGI</title>
	<atom:link href="http://localhost/esercizio2/category/viaggi-di-gruppo/feed/?simply_static_page=234" rel="self" type="application/rss+xml" />
	<link></link>
	<description></description>
	<lastBuildDate>Wed, 01 Mar 2023 15:38:08 +0000</lastBuildDate>
	<language>it-IT</language>
	<sy:updatePeriod>
	hourly	</sy:updatePeriod>
	<sy:updateFrequency>
	1	</sy:updateFrequency>
	<generator>https://wordpress.org/?v=6.1.1</generator>
	<item>
		<title>Vacanze culturali</title>
		<link>/2023/03/01/vacanze-culturali/</link>
					<comments>/2023/03/01/vacanze-culturali/#respond</comments>
		
		<dc:creator><![CDATA[Stefano]]></dc:creator>
		<pubDate>Wed, 01 Mar 2023 13:58:15 +0000</pubDate>
				<category><![CDATA[Viaggi di gruppo]]></category>
		<guid isPermaLink="false">/?p=23</guid>

					<description><![CDATA[Se sei alla ricerca di una vacanza che ti permetta di immergerti nella cultura di un luogo, allora le vacanze culturali potrebbero essere la scelta giusta per te. Questo tipo di vacanza ti darà l&#8217;opportunità di scoprire i tesori storici e culturali di una regione, incontrare persone del posto e assaggiare cibi tradizionali. Le vacanze [&#8230;]]]></description>
										<content:encoded><![CDATA[
<p>Se sei alla ricerca di una vacanza che ti permetta di immergerti nella cultura di un luogo, allora le vacanze culturali potrebbero essere la scelta giusta per te. Questo tipo di vacanza ti darà l&#8217;opportunità di scoprire i tesori storici e culturali di una regione, incontrare persone del posto e assaggiare cibi tradizionali. </p>



<p>Le vacanze culturali sono una scelta ideale per chi desidera scoprire la storia, l&#8217;arte e la cultura di un luogo. Pianificando con cura il tuo viaggio, potrai assaporare tutto ciò che la destinazione ha da offrire e vivere un&#8217;esperienza unica ed indimenticabile.</p>
]]></content:encoded>
					
					<wfw:commentRss>/2023/03/01/vacanze-culturali/feed/</wfw:commentRss>
			<slash:comments>0</slash:comments>
		
		
			</item>
		<item>
		<title>Crociere</title>
		<link>/2023/03/01/crociere/</link>
					<comments>/2023/03/01/crociere/#respond</comments>
		
		<dc:creator><![CDATA[Stefano]]></dc:creator>
		<pubDate>Wed, 01 Mar 2023 13:56:51 +0000</pubDate>
				<category><![CDATA[Viaggi di gruppo]]></category>
		<guid isPermaLink="false">/?p=20</guid>

					<description><![CDATA[Le crociere sono sempre state un&#8217;esperienza di viaggio molto apprezzata, e negli ultimi anni hanno conosciuto un vero e proprio boom di popolarità. Offrendo comfort, lusso e una vasta gamma di attività a bordo, le crociere sono diventate la scelta ideale per chi cerca una vacanza rilassante ma allo stesso tempo divertente. Una crociera ti [&#8230;]]]></description>
										<content:encoded><![CDATA[
<p>Le crociere sono sempre state un&#8217;esperienza di viaggio molto apprezzata, e negli ultimi anni hanno conosciuto un vero e proprio boom di popolarità. Offrendo comfort, lusso e una vasta gamma di attività a bordo, le crociere sono diventate la scelta ideale per chi cerca una vacanza rilassante ma allo stesso tempo divertente.</p>



<p>Una crociera ti consente di esplorare diverse destinazioni in una sola vacanza, con il vantaggio di poter fare tutto senza doverti preoccupare di organizzare il trasporto tra un luogo e l&#8217;altro.</p>
]]></content:encoded>
					
					<wfw:commentRss>/2023/03/01/crociere/feed/</wfw:commentRss>
			<slash:comments>0</slash:comments>
		
		
			</item>
	</channel>
</rss>
