<?xml version="1.0" encoding="UTF-8"?><rss version="2.0"
	xmlns:content="http://purl.org/rss/1.0/modules/content/"
	xmlns:dc="http://purl.org/dc/elements/1.1/"
	xmlns:atom="http://www.w3.org/2005/Atom"
	xmlns:sy="http://purl.org/rss/1.0/modules/syndication/"
	
	>
<channel>
	<title>
	Commenti a: Viaggi in montagna	</title>
	<atom:link href="http://localhost/esercizio2/2023/03/01/viaggi-in-montagna/feed/?simply_static_page=63" rel="self" type="application/rss+xml" />
	<link>/2023/03/01/viaggi-in-montagna/</link>
	<description></description>
	<lastBuildDate>Wed, 01 Mar 2023 14:58:56 +0000</lastBuildDate>
	<sy:updatePeriod>
	hourly	</sy:updatePeriod>
	<sy:updateFrequency>
	1	</sy:updateFrequency>
	<generator>https://wordpress.org/?v=6.1.1</generator>
</channel>
</rss>
